順位,順位変動,順位連騰日数,前日順位,コード,銘柄名,市場,株価,前日比,前日比%,前日比%連騰日数,売買代金(百万円),売買代金前日比(百万円),売買代金変動%,売買代金連騰日数,PER,PBR,利回り
"1","→","0","1","285A","キオクシア","東Ｐ","61,880","-2,390","-3.72","0","2,534,149","-797,359","-23.9%","0","－","24.24","－"
"2","→","0","2","6976","太陽誘電","東Ｐ","12,155","-380","-3.03","0","264,409","-132,919","-33.5%","0","88.0","4.60","0.74"
"3","↑2","1","5","6981","村田製","東Ｐ","8,538","+221","+2.66","0","247,416","-24,371","-9.0%","0","53.0","5.72","0.82"
"4","→","0","4","8035","東エレク","東Ｐ","65,950","-10","-0.02","1","238,216","-36,251","-13.2%","0","－","14.65","－"
"5","↓2","0","3","6857","アドテスト","東Ｐ","30,800","+1,215","+4.11","1","231,956","-51,438","-18.2%","0","47.9","28.02","－"
"6","→","0","6","9984","ＳＢＧ","東Ｐ","5,918","+215","+3.77","1","225,038","-18,761","-7.7%","0","－","1.91","0.19"
"7","↑4","1","11","8306","三菱ＵＦＪ","東Ｐ","3,750.0","+82.0","+2.24","0","216,287","+69,503","+47.4%","2","15.6","1.89","2.56"
"8","↑4","1","12","6920","レーザーテク","東Ｐ","45,130","+2,140","+4.98","3","165,982","+25,970","+18.5%","2","56.2","17.94","0.73"
"9","→","0","9","5803","フジクラ","東Ｐ","4,727","-24","-0.51","0","149,565","-37,823","-20.2%","0","34.2","13.97","0.80"
"10","↓3","0","7","1570","日経レバ","東Ｅ","70,470","+690","+0.99","1","139,231","-72,046","-34.1%","0","－","－","－"
"11","↓1","0","10","6146","ディスコ","東Ｐ","69,410","+820","+1.20","0","131,886","-29,309","-18.2%","0","－","12.96","－"
"12","↓4","0","8","4062","イビデン","東Ｐ","18,075","-175","-0.96","0","128,877","-63,970","-33.2%","0","87.1","9.18","0.19"
"13","→","0","13","8411","みずほＦＧ","東Ｐ","8,766","+237","+2.78","1","111,780","+10,835","+10.7%","2","16.4","1.88","1.71"
"14","↑2","2","16","8316","三井住友ＦＧ","東Ｐ","7,167","+95","+1.34","0","94,664","+1,436","+1.5%","2","16.0","1.72","2.51"
"15","↑2","2","17","5016","ＪＸ金属","東Ｐ","3,946","+175","+4.64","3","83,005","-3,922","-4.5%","0","30.9","4.85","0.51"
"16","↑3","1","19","7203","トヨタ","東Ｐ","2,950.0","+11.0","+0.37","1","72,000","-524","-0.7%","0","11.6","0.88","3.39"
"17","↓2","0","15","6525","コクサイエレ","東Ｐ","9,108","+367","+4.20","1","69,075","-25,057","-26.6%","0","54.8","9.70","0.52"
"18","↓4","0","14","9983","ファストリ","東Ｐ","77,090","-1,490","-1.90","1","67,894","-27,916","-29.1%","0","47.3","8.67","0.83"
"19","↓1","0","18","3436","ＳＵＭＣＯ","東Ｐ","3,744","-41","-1.08","1","60,367","-20,558","-25.4%","0","－","2.30","－"
"20","↑14","2","34","4063","信越化","東Ｐ","6,970","-105","-1.48","1","59,716","+14,463","+32.0%","2","－","2.89","－"
"21","↑7","1","28","7011","三菱重","東Ｐ","3,930","+38","+0.98","0","58,763","+5,502","+10.3%","2","34.8","4.28","0.74"
"22","↑49","1","71","593A","ティアフォー","東Ｇ","1,240","+225","+22.17","1","47,438","+27,839","+142.0%","1","－","6.86","－"
"23","↑3","1","26","7974","任天堂","東Ｐ","7,001","-2","-0.03","0","47,013","-12,363","-20.8%","0","26.0","2.73","2.31"
"24","↓2","0","22","7735","スクリン","東Ｐ","16,650","+150","+0.91","1","45,849","-15,922","-25.8%","0","28.6","6.47","1.05"
"25","↓2","0","23","5802","住友電","東Ｐ","2,512.0","+61.0","+2.49","0","42,899","-18,289","-29.9%","0","24.5","2.86","1.55"
"26","↓5","0","21","6723","ルネサス","東Ｐ","4,199","+24","+0.57","0","41,852","-20,875","-33.3%","0","－","3.00","－"
"27","↑8","1","35","6501","日立","東Ｐ","4,854","+47","+0.98","1","41,039","-2,990","-6.8%","0","25.5","3.30","－"
"28","↓3","0","25","6098","リクルート","東Ｐ","12,355","+50","+0.41","1","40,855","-19,488","-32.3%","0","27.5","10.84","0.21"
"29","↑2","1","31","6758","ソニーＧ","東Ｐ","3,445.0","+1.0","+0.03","1","40,163","-11,379","-22.1%","0","17.4","2.49","1.02"
"30","↓6","0","24","8058","三菱商","東Ｐ","4,916","+28","+0.57","0","38,789","-21,559","-35.7%","0","16.4","1.91","2.54"
"31","↑5","2","36","7012","川重","東Ｐ","2,781.0","+44.5","+1.63","0","36,881","-6,379","-14.7%","0","22.1","2.77","1.44"
"32","↓12","0","20","5801","古河電","東Ｐ","3,513.0","-12.0","-0.34","0","36,794","-26,323","-41.7%","0","30.1","5.93","0.63"
"33","↓4","0","29","6861","キーエンス","東Ｐ","72,260","+150","+0.21","0","35,946","-16,074","-30.9%","0","－","5.05","0.76"
"34","↑3","1","37","8766","東京海上","東Ｐ","7,958","-13","-0.16","0","35,580","-4,148","-10.4%","0","18.2","1.90","3.08"
"35","↑21","1","56","7013","ＩＨＩ","東Ｐ","2,889.0","+110.0","+3.96","1","34,996","+9,723","+38.5%","2","18.6","4.70","0.80"
"36","↑11","1","47","2914","ＪＴ","東Ｐ","6,369","-89","-1.38","0","34,616","+7,388","+27.1%","2","19.8","2.77","3.80"
"37","↓5","0","32","6506","安川電","東Ｐ","5,335","+122","+2.34","3","33,331","-16,705","-33.4%","0","29.4","2.85","1.35"
"38","↓5","0","33","6752","パナＨＤ","東Ｐ","4,016","-79","-1.93","0","33,085","-13,508","-29.0%","0","22.3","1.80","1.34"
"39","→","0","39","8031","三井物","東Ｐ","4,970","+59","+1.20","0","29,584","-6,653","-18.4%","0","15.3","1.61","2.82"
"40","↑3","1","43","1357","日経Ｄインバ","東Ｅ","2,792","-29","-1.03","0","28,003","-3,833","-12.0%","0","－","－","－"
"41","↓1","0","40","9432","ＮＴＴ","東Ｐ","149.7","-2.3","-1.51","0","27,050","-8,607","-24.1%","0","12.4","1.25","3.61"
"42","↓1","0","41","278A","テラドローン","東Ｇ","13,770","-1,780","-11.45","0","26,929","-6,887","-20.4%","0","－","30.21","－"
"43","↓16","0","27","5706","三井金属","東Ｐ","33,900","+300","+0.89","0","26,896","-30,320","-53.0%","0","25.9","4.71","0.83"
"44","↑15","1","59","5401","日本製鉄","東Ｐ","607.8","+8.8","+1.47","1","26,299","+3,173","+13.7%","2","14.4","0.57","3.95"
"45","↑3","2","48","5713","住友鉱","東Ｐ","7,902","+381","+5.07","1","25,494","-1,682","-6.2%","0","15.3","1.02","2.62"
"46","↓4","0","42","6367","ダイキン","東Ｐ","24,115","-125","-0.52","1","25,358","-7,330","-22.4%","0","24.1","2.07","1.49"
"47","↑26","1","73","6701","ＮＥＣ","東Ｐ","4,240","-112","-2.57","0","24,825","+5,720","+29.9%","2","－","2.56","0.94"
"48","↑29","1","77","8308","りそなＨＤ","東Ｐ","2,350.0","+28.0","+1.21","0","24,115","+5,857","+32.1%","2","17.0","1.81","1.57"
"49","↓19","0","30","6954","ファナック","東Ｐ","6,938","+65","+0.95","0","23,852","-28,097","-54.1%","0","35.0","3.47","－"
"50","↑18","2","68","8750","第一ライフ","東Ｐ","1,905.5","+8.5","+0.45","0","23,793","+3,081","+14.9%","2","13.4","1.61","3.78"
"51","↓5","0","46","6503","三菱電","東Ｐ","5,746","+117","+2.08","1","23,056","-6,895","-23.0%","0","24.8","2.62","1.04"
"52","↑5","1","57","8001","伊藤忠","東Ｐ","1,971.0","+7.0","+0.36","0","22,653","-1,665","-6.8%","0","14.5","2.09","2.23"
"53","↑17","1","70","8002","丸紅","東Ｐ","5,384","+124","+2.36","1","21,758","+2,058","+10.4%","2","15.1","2.01","2.14"
"54","↓5","0","49","7182","ゆうちょ銀","東Ｐ","3,447.0","+36.0","+1.06","0","21,751","-4,876","-18.3%","0","18.6","1.33","2.70"
"55","↓17","0","38","4004","レゾナック","東Ｐ","15,395","+145","+0.95","0","21,261","-17,802","-45.6%","0","37.4","4.06","0.42"
"56","↑44","1","100","8309","三井住友トラ","東Ｐ","6,845","+1","+0.01","0","21,067","+6,598","+45.6%","2","12.4","1.32","2.78"
"57","↓6","0","51","6702","富士通","東Ｐ","3,244.0","-67.0","-2.02","0","21,023","-5,088","-19.5%","0","18.2","2.78","1.70"
"58","↓4","0","54","8725","ＭＳ＆ＡＤ","東Ｐ","4,873","+72","+1.50","1","20,356","-5,297","-20.6%","0","16.5","1.09","3.49"
"59","↑23","2","82","3382","セブン＆アイ","東Ｐ","2,080.0","-12.0","-0.57","0","19,926","+2,811","+16.4%","2","17.3","1.30","2.88"
"60","↓16","0","44","6762","ＴＤＫ","東Ｐ","3,116.0","+9.0","+0.29","0","19,923","-10,857","-35.3%","0","26.3","2.70","1.28"
"61","↑23","3","84","6227","ＡＩメカ","東Ｓ","7,240","+610","+9.20","1","19,597","+3,131","+19.0%","2","44.2","10.05","0.23"
"62","↑30","1","92","4519","中外薬","東Ｐ","7,212","-94","-1.29","0","18,867","+3,732","+24.7%","2","－","6.22","1.83"
"63","↑2","1","65","7741","ＨＯＹＡ","東Ｐ","24,840","-205","-0.82","1","18,866","-2,093","-10.0%","0","－","8.14","－"
"64","↓9","0","55","9433","ＫＤＤＩ","東Ｐ","2,870.5","-5.0","-0.17","1","18,845","-6,763","-26.4%","0","－","2.09","2.93"
"65","↑1","2","66","2802","味の素","東Ｐ","5,102","-151","-2.87","0","18,800","-2,059","-9.9%","0","40.6","6.32","0.98"
"66","↓5","0","61","6871","日本マイクロ","東Ｐ","16,370","+740","+4.73","1","18,219","-4,697","-20.5%","0","－","8.58","－"
"67","↑2","2","69","8591","オリックス","東Ｐ","6,617","+35","+0.53","0","18,121","-2,536","-12.3%","0","13.7","1.62","2.83"
"68","↑31","1","99","1605","ＩＮＰＥＸ","東Ｐ","3,697.0","+82.0","+2.27","1","17,631","+3,162","+21.9%","2","10.7","0.88","2.92"
"69","↑56","1","125","8802","菱地所","東Ｐ","4,060","-144","-3.43","0","17,533","+7,289","+71.2%","2","20.8","1.82","1.21"
"70","↓17","0","53","6526","ソシオネクス","東Ｐ","2,473.5","-13.0","-0.52","0","17,484","-8,244","-32.0%","0","43.4","3.26","2.02"
"71","↓19","0","52","6963","ローム","東Ｐ","4,863","+78","+1.63","1","17,210","-8,711","-33.6%","0","64.7","2.48","1.03"
"72","↑21","1","93","9501","東電ＨＤ","東Ｐ","516.6","+11.3","+2.24","2","17,171","+2,195","+14.7%","2","－","0.35","－"
"73","↓6","0","67","8630","ＳＯＭＰＯ","東Ｐ","6,946","+40","+0.58","1","17,115","-3,697","-17.8%","0","12.6","1.20","2.88"
"74","↑12","2","86","6301","コマツ","東Ｐ","6,622","+175","+2.71","1","16,711","+397","+2.4%","2","18.6","1.68","2.87"
"75","↓30","0","45","6971","京セラ","東Ｐ","3,715","-65","-1.72","0","16,316","-14,134","-46.4%","0","34.2","1.44","1.51"
"76","↓13","0","63","6361","荏原","東Ｐ","5,752","+159","+2.84","1","16,146","-5,284","-24.7%","0","26.4","5.06","1.15"
"77","↓19","0","58","4502","武田","東Ｐ","5,505","-47","-0.85","0","16,075","-7,529","-31.9%","0","53.0","1.18","3.71"
"78","↑16","2","94","8604","野村","東Ｐ","1,624.5","+21.5","+1.34","1","16,044","+1,156","+7.8%","2","－","1.26","－"
"79","↓1","0","78","7453","良品計画","東Ｐ","4,224","+63","+1.51","1","16,024","-2,151","-11.8%","0","33.5","5.65","0.76"
"80","↓30","0","50","8136","サンリオ","東Ｐ","1,143.0","+11.5","+1.02","1","15,602","-10,845","-41.0%","0","21.7","8.90","1.40"
"81","↓6","0","75","581A","ＧＯ","東Ｇ","3,130","+100","+3.30","0","14,702","-3,865","-20.8%","0","22.8","10.22","－"
"82","↓6","0","76","7267","ホンダ","東Ｐ","1,566.5","+7.5","+0.48","1","14,624","-3,782","-20.5%","0","23.5","0.52","4.47"
"83","→","0","83","8053","住友商","東Ｐ","1,629.0","+25.0","+1.56","0","14,468","-2,191","-13.2%","0","12.3","1.67","2.46"
"84","↓5","0","79","6273","ＳＭＣ","東Ｐ","72,960","+1,110","+1.54","0","14,343","-3,147","-18.0%","0","27.0","2.17","1.37"
"85","↓21","0","64","200A","野村日半導","東Ｅ","4,888","+3","+0.06","0","14,105","-6,936","-33.0%","0","－","－","－"
"86","↓26","0","60","1321","野村日経平均","東Ｅ","68,700","+390","+0.57","1","13,809","-9,144","-39.8%","0","－","－","－"
"87","↑8","1","95","9434","ＳＢ","東Ｐ","219.5","-1.9","-0.86","0","13,592","-1,198","-8.1%","0","19.1","3.99","4.01"
"88","↑19","2","107","6178","日本郵政","東Ｐ","2,460.5","+7.0","+0.29","0","13,514","+1,453","+12.0%","2","17.7","0.69","2.44"
"89","↓15","0","74","6323","ローツェ","東Ｐ","4,628","+132","+2.94","0","13,183","-5,701","-30.2%","0","28.9","5.87","0.43"
"90","↑36","1","126","6594","ニデック","東Ｐ","2,556","+76","+3.06","3","13,111","+3,053","+30.4%","2","－","1.67","－"
"91","↑28","3","119","4684","オービック","東Ｐ","4,161","-15","-0.36","1","13,000","+2,202","+20.4%","2","21.9","3.64","2.26"
"92","↑6","1","98","8015","豊田通商","東Ｐ","6,594","+140","+2.17","1","12,971","-1,625","-11.1%","0","15.5","1.96","1.90"
"93","↓12","0","81","7751","キヤノン","東Ｐ","4,529","-7","-0.15","0","12,887","-4,418","-25.5%","0","11.6","1.12","3.53"
"94","↑22","2","116","7936","アシックス","東Ｐ","4,862","+109","+2.29","1","12,439","+1,452","+13.2%","2","31.3","10.90","0.78"
"95","↑41","1","136","8801","三井不","東Ｐ","1,550.0","-7.0","-0.45","1","12,426","+2,703","+27.8%","2","14.6","1.27","2.39"
"96","↓11","0","85","5108","ブリヂストン","東Ｐ","3,747","-22","-0.58","0","12,422","-3,934","-24.1%","0","13.7","1.27","3.34"
"97","↑5","1","102","9101","郵船","東Ｐ","5,817","-1","-0.02","0","12,387","-1,569","-11.2%","0","12.0","0.76","3.44"
"98","↓10","0","88","6315","ＴＯＷＡ","東Ｐ","3,005","+145","+5.07","1","12,182","-3,706","-23.3%","0","32.2","3.19","0.80"
"99","↑63","2","162","8830","住友不","東Ｐ","3,695","-98","-2.58","0","11,972","+3,668","+44.2%","2","15.3","1.38","1.41"
"100","↑14","3","114","2354","ＹＥデジタル","東Ｓ","1,440","+220","+18.03","1","11,949","+801","+7.2%","2","16.2","3.40","2.08"
"101","↑159","1","260","429A","テクセンド","東Ｐ","4,285","+525","+13.96","1","11,833","+7,503","+173.3%","2","18.0","2.44","1.63"
"102","↓40","0","62","4661","ＯＬＣ","東Ｐ","2,630.0","-43.5","-1.63","1","11,668","-10,581","-47.6%","0","37.9","3.92","0.61"
"103","↑20","2","123","3563","Ｆ＆ＬＣ","東Ｐ","5,433","+105","+1.97","2","11,579","+1,148","+11.0%","2","41.1","10.77","0.37"
"104","↑35","1","139","8473","ＳＢＩ","東Ｐ","2,895.0","+80.5","+2.86","1","11,372","+1,703","+17.6%","2","－","1.04","－"
"105","↑200","1","305","5253","カバー","東Ｇ","1,545","-147","-8.69","0","11,335","+7,917","+231.6%","2","20.1","4.94","－"
"106","↑38","1","144","1360","日経ベア２","東Ｅ","68.6","-0.7","-1.01","0","11,300","+1,832","+19.3%","1","－","－","－"
"107","↓17","0","90","3110","日東紡","東Ｐ","3,240","+60","+1.89","0","11,105","-4,641","-29.5%","0","34.7","3.40","0.86"
"108","↓11","0","97","2502","アサヒ","東Ｐ","1,631.5","+2.0","+0.12","1","10,951","-3,667","-25.1%","0","12.3","0.79","3.49"
"109","↓20","0","89","8267","イオン","東Ｐ","1,333.0","-24.5","-1.80","0","10,910","-4,906","-31.0%","0","50.5","3.05","1.13"
"110","↓14","0","96","4568","第一三共","東Ｐ","2,755.0","-6.5","-0.24","1","10,792","-3,871","-26.4%","0","19.3","3.01","3.63"
"111","↑16","1","127","4578","大塚ＨＤ","東Ｐ","10,915","-55","-0.50","1","10,782","+734","+7.3%","2","21.6","1.85","1.28"
"112","↓2","0","110","6902","デンソー","東Ｐ","1,993.0","+3.5","+0.18","1","10,459","-1,044","-9.1%","0","13.1","0.91","3.71"
"113","↓33","0","80","4503","アステラス","東Ｐ","2,161.0","-14.5","-0.67","1","10,267","-7,153","-41.1%","0","12.9","2.12","3.70"
"114","↓23","0","91","7269","スズキ","東Ｐ","2,044.0","-12.0","-0.58","0","10,193","-5,358","-34.5%","0","10.4","1.17","2.50"
"115","↓4","0","111","6504","富士電機","東Ｐ","13,180","+245","+1.89","0","9,981","-1,491","-13.0%","0","18.3","2.40","－"
"116","↑16","1","132","8729","ソニーＦＧ","東Ｐ","157.8","-2.0","-1.25","0","9,966","+60","+0.6%","2","－","1.68","5.07"
"117","↓11","0","106","1458","楽天Ｗブル","東Ｅ","84,160","+870","+1.04","1","9,821","-2,317","-19.1%","0","－","－","－"
"118","↑54","1","172","3099","三越伊勢丹","東Ｐ","3,668","-179","-4.65","0","9,808","+2,394","+32.3%","2","20.8","2.07","2.18"
"119","↑24","1","143","9022","ＪＲ東海","東Ｐ","3,830","+34","+0.90","1","9,780","+199","+2.1%","2","8.1","0.72","0.84"
"120","↑13","2","133","9766","コナミＧ","東Ｐ","18,245","-245","-1.33","0","9,531","-295","-3.0%","0","24.5","4.38","1.23"
"121","↓6","0","115","1579","日経ブル２","東Ｅ","761.1","+8.1","+1.08","1","9,468","-1,559","-14.1%","0","－","－","－"
"122","↓19","0","103","9104","商船三井","東Ｐ","5,795","+12","+0.21","0","9,357","-3,915","-29.5%","0","11.7","0.69","3.54"
"123","↑12","1","135","5020","ＥＮＥＯＳ","東Ｐ","1,337.0","+17.0","+1.29","0","9,259","-467","-4.8%","0","8.6","1.06","2.54"
"124","↑27","1","151","7581","サイゼリヤ","東Ｐ","7,420","+300","+4.21","2","9,208","+317","+3.6%","2","30.9","2.79","0.47"
"125","↓3","0","122","5334","特殊陶","東Ｐ","9,728","-22","-0.23","0","9,157","-1,302","-12.4%","0","18.1","2.47","2.16"
"126","↓54","0","72","4911","資生堂","東Ｐ","3,106.0","+66.0","+2.17","1","9,147","-10,351","-53.1%","0","29.6","2.05","1.93"
"127","↑19","1","146","485A","ＰｏｗｅｒＸ","東Ｇ","1,973","+108","+5.79","1","8,798","-470","-5.1%","0","181","32.40","－"
"128","↑361","1","489","543A","ＡＲＣＨＩＯ","東Ｐ","300","-4","-1.32","0","8,763","+7,079","+420.4%","2","11.1","1.68","2.67"
"129","↓5","0","124","6590","芝浦","東Ｐ","5,410","+90","+1.69","1","8,734","-1,515","-14.8%","0","29.8","6.39","1.18"
"130","↓26","0","104","4307","野村総研","東Ｐ","4,903","-78","-1.57","1","8,718","-4,273","-32.9%","0","23.1","6.32","1.71"
"131","↓10","0","121","9697","カプコン","東Ｐ","3,357.0","-5.0","-0.15","1","8,392","-2,102","-20.0%","0","24.2","5.25","1.37"
"132","↓15","0","117","9020","ＪＲ東日本","東Ｐ","3,566.0","-51.0","-1.41","0","8,342","-2,633","-24.0%","0","15.8","1.32","2.36"
"133","↓24","0","109","6479","ミネベア","東Ｐ","3,971","+21","+0.53","0","8,313","-3,203","-27.8%","0","19.2","1.77","1.51"
"134","↑19","2","153","1925","大和ハウス","東Ｐ","4,566","-39","-0.85","0","8,304","-540","-6.1%","0","12.5","0.98","3.85"
"135","↑23","1","158","9107","川崎汽","東Ｐ","2,790.0","+26.0","+0.94","2","8,297","-178","-2.1%","0","17.8","0.94","4.30"
"136","↓31","0","105","4901","富士フイルム","東Ｐ","3,658.0","-7.0","-0.19","0","8,274","-4,118","-33.2%","0","15.6","1.14","2.05"
"137","↓24","0","113","6383","ダイフク","東Ｐ","6,324","-55","-0.86","0","8,115","-3,249","-28.6%","0","29.1","5.07","1.30"
"138","↑39","2","177","4186","東応化","東Ｐ","10,580","+290","+2.82","3","7,914","+743","+10.4%","2","36.2","5.40","0.76"
"139","↑55","2","194","7186","横浜ＦＧ","東Ｐ","1,941.0","+42.0","+2.21","1","7,867","+1,645","+26.4%","2","16.7","1.54","2.42"
"140","↓2","0","138","5333","ＮＧＫ","東Ｐ","6,213","-6","-0.10","0","7,666","-2,030","-20.9%","0","21.3","2.16","1.71"
"141","↑1","3","142","6326","クボタ","東Ｐ","2,796.5","+33.0","+1.19","1","7,615","-1,976","-20.6%","0","15.0","1.17","1.86"
"142","↑119","1","261","5838","楽天銀","東Ｐ","5,714","+228","+4.16","3","7,559","+3,242","+75.1%","2","12.3","2.69","－"
"143","↑6","2","149","4543","テルモ","東Ｐ","2,158.0","-41.0","-1.86","0","7,542","-1,486","-16.5%","0","19.3","2.01","1.67"
"144","↑6","1","150","6988","日東電","東Ｐ","3,318.0","+24.0","+0.73","1","7,518","-1,509","-16.7%","0","15.6","1.92","1.93"
"145","↓37","0","108","6324","ハーモニック","東Ｐ","6,870","-10","-0.15","0","7,490","-4,240","-36.1%","0","144","8.09","0.29"
"146","↓12","0","134","1928","積水ハウス","東Ｐ","3,514.0","-13.0","-0.37","1","7,418","-2,359","-24.1%","0","10.5","1.06","4.13"
"147","↓7","0","140","7270","ＳＵＢＡＲＵ","東Ｐ","2,611.5","+28.5","+1.10","1","7,400","-2,267","-23.5%","0","14.2","0.66","4.44"
"148","↓7","0","141","9843","ニトリＨＤ","東Ｐ","2,390.0","+10.5","+0.44","1","7,316","-2,347","-24.3%","0","14.8","1.37","1.34"
"149","↓31","0","118","5411","ＪＦＥ","東Ｐ","1,729.0","+14.5","+0.85","1","7,252","-3,666","-33.6%","0","7.3","0.42","4.63"
"150","↑64","1","214","6613","ＱＤレーザ","東Ｇ","1,753","+98","+5.92","3","7,196","+1,850","+34.6%","2","166","15.05","－"
"151","↑17","2","168","7733","オリンパス","東Ｐ","1,723.0","-3.0","-0.17","1","7,130","-805","-10.1%","0","17.9","2.25","1.74"
"152","↓23","0","129","6532","ベイカレント","東Ｐ","6,230","+10","+0.16","1","7,124","-2,873","-28.7%","0","19.2","8.39","2.09"
"153","↑77","1","230","5631","日製鋼","東Ｐ","7,750","+243","+3.24","1","7,100","+2,040","+40.3%","2","30.0","2.69","1.19"
"154","↑13","1","167","7309","シマノ","東Ｐ","18,685","+155","+0.84","2","7,060","-877","-11.0%","0","37.8","1.83","1.94"
"155","↑11","1","166","4755","楽天グループ","東Ｐ","797.6","+7.3","+0.92","1","6,799","-1,194","-14.9%","0","－","1.93","－"
"156","↓19","0","137","9735","セコム","東Ｐ","6,682","-53","-0.79","0","6,602","-3,113","-32.0%","0","25.3","2.04","1.80"
"157","↓1","0","156","5332","ＴＯＴＯ","東Ｐ","7,561","-45","-0.59","0","6,588","-2,070","-23.9%","0","27.0","2.35","1.59"
"158","↓30","0","128","4452","花王","東Ｐ","3,224.0","-6.0","-0.19","1","6,573","-3,473","-34.6%","0","22.4","2.72","2.42"
"159","↑21","1","180","7272","ヤマハ発","東Ｐ","1,298.0","-11.5","-0.88","0","6,563","-470","-6.7%","0","12.6","1.08","3.85"
"160","↑30","1","190","9602","東宝","東Ｐ","1,358.5","-17.0","-1.24","1","6,490","+81","+1.3%","2","27.6","2.25","1.62"
"161","↓30","0","131","7201","日産自","東Ｐ","332.3","-2.0","-0.60","0","6,356","-3,593","-36.1%","0","58.1","0.24","－"
"162","↓32","0","130","7832","バンナムＨＤ","東Ｐ","4,093","-2","-0.05","1","6,356","-3,614","-36.2%","0","20.2","3.05","－"
"163","↑57","1","220","1801","大成建","東Ｐ","13,820","+190","+1.39","1","6,318","+1,065","+20.3%","2","14.9","2.38","2.75"
"164","↓52","0","112","9201","ＪＡＬ","東Ｐ","2,849.0","-14.0","-0.49","1","6,310","-5,142","-44.9%","0","11.1","0.95","3.37"
"165","↑44","1","209","8331","千葉銀","東Ｐ","2,749.0","+41.0","+1.51","0","6,305","+681","+12.1%","2","17.8","1.51","2.33"
"166","↑26","1","192","1802","大林組","東Ｐ","3,272.0","+11.0","+0.34","0","6,251","-77","-1.2%","0","14.3","1.79","2.87"
"167","↓2","0","165","9024","西武ＨＤ","東Ｐ","3,530.0","-10.0","-0.28","1","6,237","-1,803","-22.4%","0","33.2","1.58","1.19"
"168","↓9","0","159","8601","大和","東Ｐ","1,867.5","+15.0","+0.81","1","6,192","-2,268","-26.8%","0","－","1.47","－"
"169","↑1","1","170","4733","ＯＢＣ","東Ｐ","7,015","+175","+2.56","0","6,150","-1,640","-21.1%","0","27.3","3.13","1.85"
"170","↓6","0","164","7729","東京精","東Ｐ","18,445","+190","+1.04","1","6,125","-2,038","-25.0%","0","26.7","3.92","1.50"
"171","↓11","0","160","9021","ＪＲ西日本","東Ｐ","2,921.5","-17.5","-0.60","1","6,087","-2,357","-27.9%","0","13.3","1.10","3.34"
"172","↑65","2","237","8233","高島屋","東Ｐ","2,255.0","-147.5","-6.14","0","6,013","+1,137","+23.3%","2","17.4","1.45","1.77"
"173","↓12","0","161","8697","日本取引所","東Ｐ","2,257.0","+39.0","+1.76","1","5,988","-2,454","-29.1%","0","29.7","6.66","2.70"
"174","→","0","174","2768","双日","東Ｐ","5,470","+81","+1.50","0","5,951","-1,426","-19.3%","0","8.8","1.04","3.29"
"175","↑1","1","176","2503","キリンＨＤ","東Ｐ","2,894.0","-12.0","-0.41","1","5,899","-1,454","-19.8%","0","14.8","1.75","2.63"
"176","↑114","2","290","4612","日本ペＨＤ","東Ｐ","1,135.0","+37.0","+3.37","1","5,855","+2,160","+58.5%","2","13.3","1.38","1.50"
"177","↑142","1","319","7211","三菱自","東Ｐ","372.1","-11.6","-3.02","0","5,847","+2,660","+83.5%","2","19.9","0.54","2.69"
"178","↓91","0","87","4385","メルカリ","東Ｐ","4,444","+27","+0.61","1","5,799","-10,111","-63.6%","0","－","6.11","－"
"179","↓22","0","157","7911","ＴＯＰＰＡＮ","東Ｐ","4,930","+136","+2.84","1","5,741","-2,831","-33.0%","0","25.1","1.03","1.18"
"180","↓7","0","173","5201","ＡＧＣ","東Ｐ","6,315","-29","-0.46","0","5,739","-1,646","-22.3%","0","17.4","0.90","3.33"
"181","↓18","0","163","6806","ヒロセ電","東Ｐ","28,200","+50","+0.18","0","5,739","-2,439","-29.8%","0","27.1","2.44","1.84"
"182","↑17","2","199","4507","塩野義","東Ｐ","2,848.0","-28.0","-0.97","0","5,667","-514","-8.3%","0","11.5","1.44","2.67"
"183","↓1","0","182","3407","旭化成","東Ｐ","1,866.5","+9.5","+0.51","1","5,637","-1,309","-18.8%","0","15.7","1.20","2.36"
"184","↑19","1","203","9503","関西電","東Ｐ","2,362.0","+10.5","+0.45","1","5,604","-474","-7.8%","0","8.5","0.76","3.39"
"185","↑27","2","212","186A","アストロＨＤ","東Ｇ","1,041","+27","+2.66","3","5,599","+127","+2.3%","2","－","19.27","－"
"186","↑15","1","201","6754","アンリツ","東Ｐ","3,994","+60","+1.53","0","5,565","-598","-9.7%","0","34.1","3.85","1.25"
"187","↓35","0","152","4188","三菱ケミＧ","東Ｐ","1,216.0","+20.5","+1.71","1","5,514","-3,331","-37.7%","0","13.0","0.94","2.63"
"188","↓9","0","179","4523","エーザイ","東Ｐ","4,582","+32","+0.70","0","5,489","-1,632","-22.9%","0","24.7","1.44","3.49"
"189","↓35","0","154","6787","メイコー","東Ｐ","23,820","-570","-2.34","0","5,417","-3,307","-37.9%","0","22.9","4.74","0.67"
"190","↑1","1","191","6965","ホトニクス","東Ｐ","2,423.5","+21.5","+0.90","0","5,356","-1,046","-16.3%","0","42.7","2.18","1.57"
"191","↑15","1","206","7261","マツダ","東Ｐ","1,159.0","-1.5","-0.13","1","5,315","-636","-10.7%","0","8.1","0.38","4.75"
"192","↑73","1","265","8354","ふくおかＦＧ","東Ｐ","7,659","+108","+1.43","0","5,293","+1,076","+25.5%","2","14.5","1.34","2.74"
"193","↑7","1","200","2644","ＧＸ半導日株","東Ｅ","4,479","+83","+1.89","1","5,245","-935","-15.1%","0","－","－","－"
"194","↓1","0","193","6645","オムロン","東Ｐ","5,526","+63","+1.15","0","5,194","-1,101","-17.5%","0","39.5","1.30","1.99"
"195","↓40","0","155","3697","ＳＨＩＦＴ","東Ｐ","745.8","-20.7","-2.70","0","5,178","-3,545","-40.6%","0","－","5.01","0.55"
"196","↑8","1","204","7532","パンパシＨＤ","東Ｐ","856.2","-10.1","-1.17","1","5,173","-879","-14.5%","0","24.1","3.77","0.99"
"197","↑1","2","198","5344","ＭＡＲＵＷＡ","東Ｐ","58,440","+500","+0.86","0","5,131","-1,056","-17.1%","0","－","4.90","0.19"
"198","↑31","2","229","7181","かんぽ生命","東Ｐ","1,749.0","+21.0","+1.22","0","5,127","+65","+1.3%","2","13.4","0.46","2.86"
"199","↓3","0","196","5101","浜ゴム","東Ｐ","7,776","+72","+0.93","1","5,105","-1,091","-17.6%","0","11.3","1.18","2.21"
"200","↑38","4","238","1944","きんでん","東Ｐ","7,395","+55","+0.75","0","5,079","+227","+4.7%","2","17.4","1.84","3.25"
"201","↓12","0","189","3350","メタプラ","東Ｓ","239","-14","-5.53","0","5,059","-1,434","-22.1%","0","－","0.76","－"
"202","↓19","0","183","7014","名村造","東Ｓ","4,240","+80","+1.92","0","5,035","-1,872","-27.1%","0","13.4","2.16","1.42"
"203","↑74","1","277","6856","堀場製","東Ｐ","27,085","-80","-0.29","0","4,996","+1,095","+28.1%","2","23.5","3.31","1.81"
"204","↑106","4","310","1540","純金信託","東Ｅ","20,160","-50","-0.25","0","4,952","+1,594","+47.5%","2","－","－","－"
"205","↑2","1","207","4689","ラインヤフー","東Ｐ","437.1","-5.5","-1.24","1","4,932","-943","-16.1%","0","－","1.00","2.52"
"206","↓58","0","148","4005","住友化","東Ｐ","552.8","+4.8","+0.88","0","4,890","-4,286","-46.7%","0","13.0","0.91","2.89"
"207","↓32","0","175","9502","中部電","東Ｐ","2,954.5","-12.5","-0.42","0","4,865","-2,489","-33.8%","0","－","0.71","2.37"
"208","↓21","0","187","3092","ＺＯＺＯ","東Ｐ","1,119.5","-15.5","-1.37","1","4,794","-1,751","-26.8%","0","19.9","9.25","3.57"
"209","↓31","0","178","2801","キッコマン","東Ｐ","1,605.0","-14.5","-0.90","0","4,750","-2,384","-33.4%","0","24.3","2.65","1.56"
"210","↓25","0","185","6674","ＧＳユアサ","東Ｐ","6,015","+101","+1.71","0","4,750","-1,964","-29.3%","0","16.8","1.53","1.63"
"211","↓9","0","202","9202","ＡＮＡＨＤ","東Ｐ","2,993.0","-14.0","-0.47","1","4,740","-1,412","-23.0%","0","13.9","1.01","2.00"
"212","↑169","2","381","1808","長谷工","東Ｐ","2,767.0","-44.5","-1.58","0","4,723","+2,399","+103.2%","2","11.1","1.30","3.61"
"213","↓42","0","171","2413","エムスリー","東Ｐ","1,812.0","-27.0","-1.47","1","4,700","-2,942","-38.5%","0","22.8","2.96","－"
"214","↓113","0","101","1306","野村東証指数","東Ｅ","422.1","+1.8","+0.43","0","4,699","-9,622","-67.2%","0","－","－","－"
"215","↓27","0","188","8795","Ｔ＆Ｄ","東Ｐ","5,049","-19","-0.37","0","4,695","-1,846","-28.2%","0","17.9","1.50","3.25"
"216","↑60","1","276","4021","日産化","東Ｐ","7,836","-46","-0.58","0","4,687","+780","+20.0%","2","20.3","4.10","2.71"
"217","↑45","3","262","7747","朝日インテク","東Ｐ","3,397.0","-18.0","-0.53","1","4,672","+370","+8.6%","2","29.5","5.42","1.36"
"218","↓37","0","181","7003","三井Ｅ＆Ｓ","東Ｐ","4,740","+58","+1.24","0","4,567","-2,463","-35.0%","0","15.9","2.09","1.27"
"219","↑24","2","243","9532","大ガス","東Ｐ","5,452","+43","+0.79","1","4,529","-183","-3.9%","0","14.3","1.15","2.38"
"220","↑13","2","233","1942","関電工","東Ｐ","5,988","+29","+0.49","1","4,518","-443","-8.9%","0","18.3","3.05","2.17"
"221","↑93","1","314","1615","野村東証銀行","東Ｅ","774.6","+14.1","+1.85","0","4,494","+1,216","+37.1%","1","－","－","－"
"222","↓25","0","197","6305","日立建機","東Ｐ","5,415","+121","+2.29","1","4,485","-1,707","-27.6%","0","14.4","1.28","3.51"
"223","↓18","0","205","8593","三菱ＨＣキャ","東Ｐ","1,439.5","+2.5","+0.17","1","4,435","-1,539","-25.8%","0","12.9","1.04","3.54"
"224","↓40","0","184","9531","東ガス","東Ｐ","6,160","+9","+0.15","0","4,434","-2,429","-35.4%","0","14.9","1.19","1.95"
"225","↑15","1","240","6268","ナブテスコ","東Ｐ","5,040","+102","+2.07","1","4,426","-391","-8.1%","0","31.8","2.15","1.63"
"226","↑24","1","250","1803","清水建","東Ｐ","2,482.0","+8.5","+0.34","0","4,419","-106","-2.3%","0","13.0","1.72","3.10"
"227","↑39","2","266","6724","エプソン","東Ｐ","2,955.5","+18.5","+0.63","0","4,416","+204","+4.8%","2","16.1","1.11","2.71"
"228","NEW","0","","7721","東京計器","東Ｐ","6,930","+500","+7.78","0","4,399","","","0","22.8","2.50","0.69"
"229","↑40","2","269","7912","大日印","東Ｐ","3,163.0","+10.0","+0.32","1","4,385","+248","+6.0%","2","14.3","1.14","1.30"
"230","↓11","0","219","5110","住友ゴ","東Ｐ","2,247.0","+39.0","+1.77","1","4,358","-919","-17.4%","0","10.7","0.81","3.74"
"231","↑76","2","307","3086","Ｊフロント","東Ｐ","2,948.0","-168.0","-5.39","1","4,338","+932","+27.4%","2","24.9","1.75","1.90"
"232","↑35","3","267","3038","神戸物産","東Ｐ","2,628.0","+4.5","+0.17","2","4,310","+141","+3.4%","2","19.8","3.47","1.22"
"233","↑3","1","236","8951","ビルファンド","東Ｒ","132,500","-2,600","-1.92","0","4,240","-647","-13.2%","0","－","1.60","3.71"
"234","↑113","1","347","3289","東急不ＨＤ","東Ｐ","1,344.0","+5.5","+0.41","1","4,237","+1,485","+54.0%","2","9.6","1.07","3.72"
"235","↑187","1","422","1320","ｉＦ日経年１","東Ｅ","68,380","+350","+0.51","1","4,231","+2,177","+106.0%","2","－","－","－"
"236","↓28","0","208","5831","しずおかＦＧ","東Ｐ","3,362.0","+24.0","+0.72","0","4,189","-1,458","-25.8%","0","17.0","1.45","2.91"
"237","↑18","1","255","4506","住友ファーマ","東Ｐ","1,286.0","0.0","0.00%","1","4,167","-275","-6.2%","0","7.5","1.97","－"
"238","↑8","1","246","5019","出光興産","東Ｐ","1,325.0","+9.0","+0.68","0","4,162","-477","-10.3%","0","21.2","0.83","2.72"
"239","↑19","2","258","7202","いすゞ","東Ｐ","2,329.0","0.0","0.00%","1","4,157","-212","-4.9%","0","10.0","1.08","4.04"
"240","↑247","1","487","6135","牧野フ","東Ｐ","14,860","+370","+2.55","1","4,152","+2,455","+144.7%","2","15.7","1.33","2.29"
"241","NEW","0","","598A","チャットプラ","東Ｇ","2,050","-234","-10.25","0","4,147","","","0","29.6","13.76","0.15"
"242","↓73","0","169","6481","ＴＨＫ","東Ｐ","7,155","+97","+1.37","0","4,138","-3,773","-47.7%","0","35.3","3.17","2.57"
"243","↑2","2","245","7550","ゼンショＨＤ","東Ｐ","9,060","-100","-1.09","0","4,096","-565","-12.1%","0","29.9","5.44","0.88"
"244","↓34","0","210","1812","鹿島","東Ｐ","5,655","+57","+1.02","1","4,076","-1,410","-25.7%","0","15.3","1.83","2.58"
"245","↓10","0","235","4980","デクセリ","東Ｐ","3,680.0","-12.0","-0.33","0","4,042","-847","-17.3%","0","22.4","5.64","1.74"
"246","↑65","1","311","9412","スカＪＳＡＴ","東Ｐ","2,260","-39","-1.70","0","4,042","+706","+21.2%","2","23.7","2.11","2.12"
"247","↓34","0","213","6841","横河電","東Ｐ","5,769","+42","+0.73","1","4,029","-1,396","-25.7%","0","24.7","2.78","1.59"
"248","↑72","1","320","8304","あおぞら銀","東Ｐ","3,028.0","+24.0","+0.80","1","4,019","+833","+26.1%","2","15.5","0.87","3.30"
"249","↓63","0","186","268A","リガクＨＤ","東Ｐ","2,276","+20","+0.89","3","3,972","-2,579","-39.4%","0","41.2","5.90","0.83"
"250","↓28","0","222","8113","ユニチャーム","東Ｐ","957.5","-3.1","-0.32","1","3,971","-1,218","-23.5%","0","19.0","2.10","2.30"
"251","↑35","1","286","4564","オンコセラピ","東Ｇ","19","0","0.00%","1","3,953","+169","+4.5%","2","－","3.75","－"
"252","↓34","0","218","4751","サイバー","東Ｐ","1,403.5","-8.5","-0.60","1","3,906","-1,393","-26.3%","0","25.9","3.66","1.35"
"253","↑28","1","281","9147","ＮＸＨＤ","東Ｐ","5,491","-30","-0.54","0","3,879","+13","+0.3%","2","21.9","1.59","1.82"
"254","↑61","1","315","3064","モノタロウ","東Ｐ","1,868.0","+5.0","+0.27","1","3,871","+609","+18.7%","2","25.4","7.98","1.98"
"255","↑18","1","273","9962","ミスミＧ","東Ｐ","3,739","+28","+0.75","1","3,859","-157","-3.9%","0","26.4","2.60","1.42"
"256","↓15","0","241","4704","トレンド","東Ｐ","6,165","-154","-2.44","0","3,857","-945","-19.7%","0","21.9","7.21","－"
"257","↓8","0","249","7259","アイシン","東Ｐ","2,327.5","+17.0","+0.74","0","3,828","-698","-15.4%","0","10.9","0.74","3.22"
"258","↑97","1","355","4443","Ｓａｎｓａｎ","東Ｐ","1,772","-18","-1.01","0","3,806","+1,132","+42.3%","2","23.9","11.10","0.28"
"259","↓36","0","223","3659","ネクソン","東Ｐ","2,247.0","+18.0","+0.81","1","3,776","-1,405","-27.1%","0","－","1.66","2.67"
"260","↑65","1","325","3088","マツキヨココ","東Ｐ","2,443.0","-22.5","-0.91","2","3,737","+716","+23.7%","2","16.3","1.77","2.29"
"261","↓141","0","120","7752","リコー","東Ｐ","1,561.5","+10.0","+0.64","0","3,727","-6,893","-64.9%","0","14.2","0.76","2.82"
"262","↑36","3","298","6586","マキタ","東Ｐ","5,689","+32","+0.57","1","3,725","+192","+5.4%","2","18.1","1.47","－"
"263","↓16","0","247","5714","ＤＯＷＡ","東Ｐ","8,542","+85","+1.01","0","3,672","-940","-20.4%","0","8.9","1.11","3.96"
"264","↓16","0","248","6134","ＦＵＪＩ","東Ｐ","7,611","+158","+2.12","1","3,637","-921","-20.2%","0","20.3","2.88","2.50"
"265","↑20","2","285","4042","東ソー","東Ｐ","2,843.0","+32.0","+1.14","0","3,623","-170","-4.5%","0","－","1.05","3.52"
"266","↑36","2","302","3402","東レ","東Ｐ","1,179.5","+10.0","+0.86","1","3,617","+142","+4.1%","2","19.1","0.95","2.20"
"267","↓43","0","224","4680","ラウンドワン","東Ｐ","1,209.0","+5.0","+0.42","1","3,609","-1,572","-30.3%","0","17.4","3.85","1.49"
"268","NEW","0","","584A","ＬｉＮＫＸ","東Ｇ","3,070","+504","+19.64","0","3,574","","","0","91.5","13.69","－"
"269","↑48","1","317","5830","いよぎんＨＤ","東Ｐ","3,533.0","+83.0","+2.41","0","3,567","+368","+11.5%","2","13.2","1.16","2.26"
"270","↓59","0","211","6269","三井海洋","東Ｐ","10,210","+190","+1.90","1","3,519","-1,963","-35.8%","0","12.0","2.88","1.96"
"271","↓32","0","239","1878","大東建","東Ｐ","3,219.0","-5.0","-0.16","1","3,512","-1,330","-27.5%","0","9.7","2.10","5.06"
"272","↑54","1","326","5076","インフロニア","東Ｐ","2,832.5","-3.5","-0.12","1","3,502","+488","+16.2%","2","12.4","1.41","3.53"
"273","↓1","0","272","2702","マクドナルド","東Ｓ","7,550","+10","+0.13","1","3,493","-571","-14.1%","0","29.1","3.53","0.85"
"274","↑18","1","292","8918","ランド","東Ｓ","10","0","0.00%","0","3,491","-195","-5.3%","0","11.4","1.62","－"
"275","↓59","0","216","2871","ニチレイ","東Ｐ","2,125.0","+5.0","+0.24","2","3,481","-1,829","-34.4%","0","－","1.86","3.14"
"276","↓34","0","242","3905","データセク","東Ｇ","2,435","+16","+0.66","1","3,430","-1,370","-28.5%","0","8.9","4.19","－"
"277","↓52","0","225","1911","住友林","東Ｐ","1,328.0","+1.0","+0.08","1","3,427","-1,753","-33.8%","0","8.6","0.78","3.77"
"278","↑102","1","380","2264","森永乳","東Ｐ","1,244.5","+40.5","+3.36","1","3,409","+1,084","+46.6%","1","20.1","1.46","2.01"
"279","↑8","1","287","8359","八十二長野","東Ｐ","2,652.5","+33.0","+1.26","0","3,395","-357","-9.5%","0","16.6","1.05","2.45"
"280","↓5","0","275","6869","シスメックス","東Ｐ","1,511.0","-38.0","-2.45","1","3,392","-541","-13.8%","0","25.3","1.80","2.65"
"281","↑51","1","332","6728","アルバック","東Ｐ","9,986","+186","+1.90","1","3,379","+411","+13.8%","2","26.5","2.14","1.52"
"282","↑63","1","345","7220","武蔵精密","東Ｐ","3,150","-25","-0.79","0","3,353","+585","+21.1%","2","31.8","1.69","1.27"
"283","↓56","0","227","9042","阪急阪神","東Ｐ","4,610","-70","-1.50","0","3,343","-1,801","-35.0%","0","13.5","0.96","2.17"
"284","↓25","0","259","2269","明治ＨＤ","東Ｐ","3,712","-17","-0.46","2","3,331","-1,007","-23.2%","0","16.1","1.30","2.96"
"285","↓57","0","228","6855","電子材料","東Ｓ","6,600","+100","+1.54","0","3,295","-1,828","-35.7%","0","17.6","2.15","1.21"
"286","↑15","1","301","3003","ヒューリック","東Ｐ","1,777.5","-30.0","-1.66","0","3,290","-195","-5.6%","0","11.1","1.48","3.77"
"287","↑7","1","294","5406","神戸鋼","東Ｐ","1,991.5","+7.0","+0.35","0","3,247","-330","-9.2%","0","7.9","0.62","4.02"
"288","↑83","1","371","8366","滋賀銀","東Ｐ","2,686","-24","-0.89","0","3,236","+838","+34.9%","2","21.7","1.21","1.86"
"289","↑72","3","361","3861","王子ＨＤ","東Ｐ","869.2","+11.3","+1.32","1","3,215","+619","+23.8%","2","21.1","0.67","4.14"
"290","↑73","2","363","8253","クレセゾン","東Ｐ","4,662","-51","-1.08","0","3,211","+669","+26.3%","2","8.9","0.88","3.43"
"291","↓3","0","288","6254","野村マイクロ","東Ｐ","4,300","+200","+4.88","1","3,195","-526","-14.1%","0","14.8","4.19","1.98"
"292","↑16","1","308","3391","ツルハＨＤ","東Ｐ","2,365.0","-11.5","-0.48","0","3,145","-250","-7.4%","0","25.8","1.22","2.03"
"293","↓25","0","268","3626","ＴＩＳＩ","東Ｐ","3,428.0","-35.0","-1.01","1","3,133","-1,008","-24.3%","0","12.6","2.21","2.63"
"294","↓99","0","195","5805","ＳＷＣＣ","東Ｐ","11,430","+210","+1.87","0","3,132","-3,076","-49.5%","0","18.3","3.44","2.19"
"295","↓74","0","221","7167","めぶきＦＧ","東Ｐ","1,515.5","+16.5","+1.10","0","3,129","-2,061","-39.7%","0","15.0","1.32","2.64"
"296","↑43","1","339","1963","日揮ＨＤ","東Ｐ","2,316.5","+27.5","+1.20","1","3,122","+269","+9.4%","2","12.2","1.30","2.24"
"297","↓150","0","147","5711","三菱マ","東Ｐ","4,294","+90","+2.14","1","3,112","-6,084","-66.2%","0","11.5","0.76","2.70"
"298","NEW","0","","5393","ニチアス","東Ｐ","3,409.0","+98.0","+2.96","0","3,106","","","0","20.1","2.69","1.91"
"299","↓36","0","263","4204","積水化","東Ｐ","2,659.5","+5.5","+0.21","0","3,103","-1,165","-27.3%","0","14.1","1.26","3.05"
"300","NEW","0","","5074","テスＨＤ","東Ｐ","804","+43","+5.65","0","3,095","","","0","31.6","1.15","1.00"
"301","↓48","0","253","5991","ニッパツ","東Ｐ","3,698.0","+56.0","+1.54","0","3,067","-1,399","-31.3%","0","16.6","1.71","1.87"
"302","↓50","0","252","6141","ＤＭＧ森精機","東Ｐ","3,581.0","+76.0","+2.17","0","3,033","-1,461","-32.5%","0","33.7","1.51","2.93"
"303","↑3","2","306","7762","シチズン","東Ｐ","2,247","-9","-0.40","0","3,013","-394","-11.6%","0","19.9","1.87","2.23"
"304","↓70","0","234","6113","アマダ","東Ｐ","2,909.5","+43.0","+1.50","1","3,002","-1,952","-39.4%","0","26.6","1.69","2.20"
"305","↓49","0","256","4183","三井化学","東Ｐ","2,209.0","+6.5","+0.30","0","2,957","-1,472","-33.2%","0","17.7","0.92","3.40"
"306","↑16","2","322","5844","京都ＦＧ","東Ｐ","4,665","+47","+1.02","0","2,935","-170","-5.5%","0","25.3","1.16","2.25"
"307","↓16","0","291","7701","島津","東Ｐ","4,063","+5","+0.12","1","2,931","-760","-20.6%","0","21.3","2.08","1.72"
"308","↓11","0","297","9005","東急","東Ｐ","1,736.0","-12.0","-0.69","1","2,893","-641","-18.1%","0","10.9","1.07","1.84"
"309","↓13","0","296","2587","サントリＢＦ","東Ｐ","4,604","-32","-0.69","0","2,873","-666","-18.8%","0","16.0","1.08","2.61"
"310","↓40","0","270","9831","ヤマダＨＤ","東Ｐ","716.1","+9.6","+1.36","1","2,841","-1,290","-31.2%","0","17.1","0.75","2.37"
"311","↑101","1","412","4536","参天薬","東Ｐ","1,962.5","-24.5","-1.23","1","2,833","+727","+34.5%","2","15.8","2.13","2.14"
"312","↑46","2","358","4091","日本酸素ＨＤ","東Ｐ","5,906","-63","-1.06","0","2,827","+188","+7.1%","2","19.5","2.10","1.12"
"313","↓69","0","244","6407","ＣＫＤ","東Ｐ","6,720","+150","+2.28","1","2,811","-1,875","-40.0%","0","27.6","2.93","1.41"
"314","↑7","1","321","6101","ツガミ","東Ｐ","6,900","+150","+2.22","1","2,794","-358","-11.4%","0","18.9","4.01","1.42"
"315","↑84","2","399","6770","アルプスアル","東Ｐ","2,156.0","+30.0","+1.41","1","2,783","+563","+25.4%","2","14.0","0.94","2.97"
"316","↓4","0","312","8303","ＳＢＩ新生銀","東Ｐ","1,449.5","+6.5","+0.45","1","2,777","-554","-16.6%","0","－","1.05","2.90"
"317","↑49","2","366","2501","サッポロ","東Ｐ","1,954.5","-63.0","-3.12","0","2,772","+324","+13.2%","2","2.6","3.55","2.05"
"318","↑34","1","352","9023","東京メトロ","東Ｐ","1,427.0","-20.0","-1.38","0","2,769","+73","+2.7%","2","16.6","1.13","3.08"
"319","↓15","0","304","7731","ニコン","東Ｐ","2,222.0","+9.5","+0.43","0","2,750","-681","-19.8%","0","73.2","1.25","0.90"
"320","↓31","0","289","6302","住友重","東Ｐ","5,354","+136","+2.61","0","2,711","-988","-26.7%","0","18.7","0.93","2.71"
"321","↑38","2","359","2579","コカＢＪＨ","東Ｐ","4,231","+10","+0.24","1","2,675","+70","+2.7%","2","30.4","1.86","1.70"
"322","↑34","1","356","9435","光通信","東Ｐ","36,850","-430","-1.15","0","2,667","+3","+0.1%","2","13.4","1.36","2.12"
"323","↑18","2","341","2267","ヤクルト","東Ｐ","2,762.5","-13.0","-0.47","1","2,662","-181","-6.4%","0","17.1","1.31","2.61"
"324","↑19","1","343","5214","日電硝","東Ｐ","5,635","-83","-1.45","0","2,630","-157","-5.6%","0","18.1","0.84","2.84"
"325","↓54","0","271","5938","ＬＩＸＩＬ","東Ｐ","1,847.0","+16.5","+0.90","1","2,596","-1,491","-36.5%","0","44.3","0.80","4.87"
"326","↑4","2","330","4528","小野薬","東Ｐ","2,398.5","-6.5","-0.27","0","2,590","-391","-13.1%","0","15.9","1.33","3.34"
"327","↑151","1","478","6522","アスタリスク","東Ｇ","1,630","+144","+9.69","0","2,573","+856","+49.9%","1","201","6.91","－"
"328","↓96","0","232","6834","精工技研","東Ｓ","20,540","-710","-3.34","0","2,568","-2,430","-48.6%","0","28.7","5.43","0.58"
"329","↑4","4","333","3231","野村不ＨＤ","東Ｐ","950.4","-6.8","-0.71","1","2,549","-385","-13.1%","0","9.4","1.01","4.63"
"330","↑49","1","379","6999","ＫＯＡ","東Ｐ","2,494","-31","-1.23","0","2,544","+206","+8.8%","1","12.0","1.02","2.53"
"331","↑42","1","373","8377","ほくほくＦＧ","東Ｐ","7,671","+131","+1.74","0","2,544","+166","+7.0%","2","14.8","1.26","1.96"
"332","↓75","0","257","6370","栗田工","東Ｐ","9,043","+132","+1.48","1","2,543","-1,872","-42.4%","0","23.3","2.87","1.48"
"333","↑57","1","390","4208","ＵＢＥ","東Ｐ","3,275.0","+34.0","+1.05","1","2,542","+247","+10.8%","2","13.0","0.73","4.89"
"334","↑119","1","453","8963","ＩＮＶ","東Ｒ","61,700","+100","+0.16","1","2,535","+693","+37.6%","1","－","1.33","6.14"
"335","↑97","1","432","8985","ホテルリート","東Ｒ","81,000","-1,500","-1.82","0","2,527","+557","+28.3%","1","9.2","1.63","6.89"
"336","↓56","0","280","4182","菱ガス化","東Ｐ","4,571","+38","+0.84","0","2,526","-1,343","-34.7%","0","19.4","1.38","2.41"
"337","↓111","0","226","4768","大塚商会","東Ｐ","2,980.5","-30.5","-1.01","1","2,517","-2,644","-51.2%","0","18.5","2.88","3.19"
"338","↓123","0","215","6278","ユニオンツル","東Ｐ","18,500","+80","+0.43","0","2,516","-2,808","-52.7%","0","37.9","4.37","0.70"
"339","↓15","0","324","3498","霞ヶ関Ｃ","東Ｐ","6,870","-40","-0.58","0","2,515","-524","-17.2%","0","10.2","2.26","2.40"
"340","↑11","2","351","6448","ブラザー","東Ｐ","3,950","+23","+0.59","0","2,514","-189","-7.0%","0","13.6","1.28","2.53"
"341","↑115","2","456","4527","ロート","東Ｐ","2,336.0","-44.0","-1.85","1","2,511","+680","+37.1%","2","15.3","1.75","2.14"
"342","↓13","0","329","9506","東北電","東Ｐ","1,146.5","+6.0","+0.53","1","2,501","-481","-16.1%","0","－","0.52","3.49"
"343","↓60","0","283","2875","東洋水","東Ｐ","10,645","-55","-0.51","1","2,495","-1,356","-35.2%","0","15.7","1.94","2.07"
"344","↓70","0","274","8804","東建物","東Ｐ","3,453.0","-31.0","-0.89","1","2,447","-1,491","-37.9%","0","11.4","1.21","3.53"
"345","↑42","2","387","4716","日本オラクル","東Ｓ","8,246","-100","-1.20","0","2,434","+128","+5.6%","2","－","5.16","－"
"346","↓64","0","282","4324","電通グループ","東Ｐ","3,362.0","-4.0","-0.12","1","2,430","-1,430","-37.0%","0","12.5","2.09","－"
"347","↓48","0","299","5233","太平洋セメ","東Ｐ","4,177","-26","-0.62","0","2,417","-1,107","-31.4%","0","7.2","0.67","2.87"
"348","↑48","1","396","3405","クラレ","東Ｐ","1,831.5","+27.0","+1.50","1","2,404","+157","+7.0%","2","13.8","0.75","3.49"
"349","NEW","0","","8282","ケーズＨＤ","東Ｐ","1,863.5","+34.5","+1.89","0","2,404","","","0","14.4","1.16","2.58"
"350","↑14","2","364","5471","大同特鋼","東Ｐ","2,391.5","+16.0","+0.67","1","2,385","-107","-4.3%","0","17.4","1.01","2.17"
"351","↓120","0","231","6330","東洋エンジ","東Ｐ","1,912","+9","+0.47","0","2,385","-2,616","-52.3%","0","18.7","2.88","1.31"
"352","↓16","0","336","4092","日本化","東Ｐ","5,720","+210","+3.81","0","2,384","-506","-17.5%","0","16.5","0.99","－"
"353","↓136","0","217","6814","古野電","東Ｐ","7,340","-130","-1.74","0","2,382","-2,919","-55.1%","0","17.8","2.53","2.18"
"354","↑31","1","385","9064","ヤマトＨＤ","東Ｐ","2,034.0","+17.0","+0.84","1","2,378","+66","+2.9%","2","40.3","1.13","2.26"
"355","↓39","0","316","2282","日ハム","東Ｐ","6,174","-55","-0.88","0","2,368","-847","-26.3%","0","15.3","1.08","2.92"
"356","↑125","1","481","4088","エアウォータ","東Ｐ","2,561","+3","+0.12","0","2,364","+656","+38.4%","2","－","1.32","2.93"
"357","↓39","0","318","6996","ニチコン","東Ｐ","3,080","0","0.00%","0","2,351","-847","-26.5%","0","30.9","1.73","1.27"
"358","↓10","0","348","4597","ソレイジア","東Ｇ","28","0","0.00%","0","2,333","-409","-14.9%","0","－","4.47","－"
"359","↓66","0","293","6368","オルガノ","東Ｐ","15,565","+255","+1.67","1","2,322","-1,282","-35.6%","0","23.9","5.01","1.41"
"360","↑54","1","414","8952","ジャパンＲＥ","東Ｒ","121,200","-1,100","-0.90","0","2,316","+218","+10.4%","2","－","1.62","4.23"
"361","↓12","0","349","8334","群馬銀","東Ｐ","2,595.0","+9.0","+0.35","0","2,312","-420","-15.4%","0","15.1","1.59","2.70"
"362","↑66","1","428","3132","マクニカＨＤ","東Ｐ","3,409.0","+40.0","+1.19","0","2,298","+296","+14.8%","1","19.0","2.18","2.35"
"363","↓85","0","278","7649","スギＨＤ","東Ｐ","2,877.5","-49.5","-1.69","0","2,289","-1,612","-41.3%","0","15.9","1.77","1.22"
"364","↑28","1","392","9508","九州電","東Ｐ","1,779.0","-10.5","-0.59","0","2,253","-26","-1.1%","0","6.8","0.85","2.81"
"365","↑72","2","437","9143","ＳＧＨＤ","東Ｐ","1,589.5","+9.0","+0.57","1","2,252","+311","+16.0%","2","15.8","1.74","3.40"
"366","NEW","0","","2160","ジーエヌアイ","東Ｇ","2,598","+99","+3.96","0","2,245","","","0","－","3.42","－"
"367","NEW","0","","9401","ＴＢＳＨＤ","東Ｐ","6,101","-115","-1.85","0","2,239","","","0","19.4","0.83","1.64"
"368","NEW","0","","6432","竹内製作所","東Ｐ","7,600","+320","+4.40","0","2,227","","","0","13.6","1.88","2.89"
"369","↑20","2","389","6471","日精工","東Ｐ","1,142.5","+9.0","+0.79","0","2,193","-109","-4.7%","0","23.3","0.83","2.98"
"370","↑12","2","382","5105","ＴＯＹＯ","東Ｐ","4,080","+49","+1.22","1","2,180","-137","-5.9%","0","11.6","1.18","3.31"
"371","↓68","0","303","4971","メック","東Ｐ","8,970","+200","+2.28","0","2,170","-1,291","-37.3%","0","29.5","5.18","1.23"
"372","↓28","0","344","8252","丸井Ｇ","東Ｐ","2,926.5","-32.0","-1.08","1","2,146","-640","-23.0%","0","17.7","2.14","4.58"
"373","↓60","0","313","3197","すかいらーく","東Ｐ","2,978.0","-4.5","-0.15","1","2,145","-1,140","-34.7%","0","34.7","3.56","0.87"
"374","↑20","2","394","3186","ネクステージ","東Ｐ","3,450","+10","+0.29","1","2,135","-126","-5.6%","0","15.8","3.19","1.45"
"375","↓10","0","365","4732","ＵＳＳ","東Ｐ","1,951.5","-22.0","-1.11","1","2,122","-350","-14.2%","0","21.3","4.28","2.82"
"376","↓6","0","370","1332","ニッスイ","東Ｐ","1,262.5","-20.0","-1.56","0","2,115","-285","-11.9%","0","13.2","1.28","2.53"
"377","NEW","0","","8242","Ｈ２Ｏリテイ","東Ｐ","2,771.5","-26.0","-0.93","0","2,103","","","0","13.7","1.02","1.73"
"378","↓43","0","335","3288","オープンＨ","東Ｐ","8,408","-95","-1.12","0","2,100","-793","-27.4%","0","7.9","1.60","2.38"
"379","↓51","0","328","3923","ラクス","東Ｐ","959.2","-12.6","-1.30","1","2,090","-904","-30.2%","0","13.5","13.05","0.83"
"380","↓46","0","334","4151","協和キリン","東Ｐ","2,594.0","-33.0","-1.26","0","2,083","-849","-29.0%","0","18.1","1.52","2.70"
"381","↑46","2","427","7956","ピジョン","東Ｐ","1,979.5","-14.5","-0.73","1","2,068","+60","+3.0%","2","25.9","2.90","3.84"
"382","↓15","0","367","9684","スクエニＨＤ","東Ｐ","2,493.5","-17.0","-0.68","1","2,059","-389","-15.9%","0","29.0","2.58","1.72"
"383","→","0","383","1662","石油資源","東Ｐ","1,770","+36","+2.08","1","2,049","-265","-11.5%","0","7.6","0.72","2.54"
"384","↓57","0","327","6779","日電波","東Ｐ","2,903","+53","+1.86","0","2,049","-961","-31.9%","0","28.9","2.09","1.03"
"385","↓45","0","340","3769","ＧＭＯ－ＰＧ","東Ｐ","9,501","-10","-0.11","1","2,042","-803","-28.2%","0","30.8","6.15","1.79"
"386","↓107","0","279","6777","ｓａｎｔｅｃ","東Ｓ","19,020","-70","-0.37","0","2,034","-1,849","-47.6%","0","25.4","8.04","1.21"
"387","↑57","3","444","6961","エンプラス","東Ｐ","12,750","+380","+3.07","0","2,013","+137","+7.3%","2","23.0","1.85","0.71"
"388","↓14","0","374","7951","ヤマハ","東Ｐ","1,223.5","+1.0","+0.08","1","2,007","-366","-15.4%","0","19.2","1.13","2.13"
"389","NEW","0","","9090","ＡＺ丸和ＨＤ","東Ｐ","916","+49","+5.65","0","2,003","","","0","14.9","1.98","3.49"
"390","↓126","0","264","7867","タカラトミー","東Ｐ","3,441.0","-14.0","-0.41","1","1,982","-2,239","-53.0%","0","16.5","2.67","2.03"
"391","↑77","1","468","7282","豊田合","東Ｐ","5,096","+57","+1.13","0","1,978","+220","+12.5%","2","10.5","1.05","3.43"
"392","↑24","1","416","4368","扶桑化学","東Ｐ","4,080","+30","+0.74","0","1,968","-111","-5.3%","0","22.5","3.68","0.69"
"393","↑66","3","459","8953","都市ファンド","東Ｒ","117,100","-900","-0.76","0","1,962","+144","+7.9%","2","－","1.29","5.09"
"394","↓25","0","369","2492","インフォＭＴ","東Ｐ","502","-23","-4.38","0","1,960","-458","-18.9%","0","43.2","4.53","1.31"
"395","↑22","2","417","4203","住友ベ","東Ｐ","7,145","+63","+0.89","1","1,958","-119","-5.7%","0","22.0","1.81","1.68"
"396","NEW","0","","8544","京葉銀","東Ｐ","2,778","+105","+3.93","0","1,951","","","0","17.3","1.01","2.38"
"397","↓88","0","309","2897","日清食ＨＤ","東Ｐ","2,866.5","-20.5","-0.71","1","1,937","-1,443","-42.7%","0","17.6","1.59","2.44"
"398","↑66","1","464","1721","コムシスＨＤ","東Ｐ","5,193","-36","-0.69","0","1,904","+111","+6.2%","2","15.8","1.49","2.60"
"399","↑47","1","446","1515","日鉄鉱","東Ｐ","2,853","+38","+1.35","0","1,903","+43","+2.3%","2","18.4","1.41","2.17"
"400","↓2","0","398","4626","太陽ＨＤ","東Ｐ","4,793","-5","-0.10","1","1,897","-333","-14.9%","0","22.1","4.61","－"
"401","↓29","0","372","6465","ホシザキ","東Ｐ","5,394","+57","+1.07","1","1,897","-487","-20.4%","0","19.9","1.93","2.13"
"402","↑17","1","419","3994","マネフォ","東Ｐ","5,116","-209","-3.92","0","1,885","-179","-8.7%","0","－","6.88","－"
"403","↓35","0","368","3774","ＩＩＪ","東Ｐ","3,402.0","-41.0","-1.19","1","1,883","-545","-22.4%","0","24.1","3.82","1.26"
"404","↓66","0","338","9616","共立メンテ","東Ｐ","3,090.0","-3.0","-0.10","1","1,883","-976","-34.1%","0","15.6","1.93","1.49"
"405","↑30","1","435","1893","五洋建","東Ｐ","1,605.5","+12.5","+0.78","1","1,882","-83","-4.2%","0","12.4","2.19","3.24"
"406","↑55","1","461","4631","ＤＩＣ","東Ｐ","4,544","-21","-0.46","0","1,859","+46","+2.5%","1","13.0","0.89","3.08"
"407","↓6","0","401","8227","しまむら","東Ｐ","3,325.0","+11.0","+0.33","1","1,848","-344","-15.7%","0","14.6","1.40","2.41"
"408","↓113","0","295","6997","日ケミコン","東Ｐ","3,290","-55","-1.64","0","1,835","-1,708","-48.2%","0","22.5","1.84","0.76"
"409","↓18","0","391","7173","東京きらぼし","東Ｐ","1,758","+21","+1.21","1","1,834","-456","-19.9%","0","12.8","1.37","1.71"
"410","↑45","1","455","9513","Ｊパワー","東Ｐ","3,824","+20","+0.53","0","1,827","-5","-0.3%","0","8.3","0.48","2.75"
"411","NEW","0","","9364","上組","東Ｐ","5,119","-23","-0.45","0","1,819","","","0","18.5","1.28","4.00"
"412","↑65","1","477","5741","ＵＡＣＪ","東Ｐ","2,494","+113","+4.75","1","1,816","+99","+5.8%","2","16.1","1.30","2.33"
"413","↓3","0","410","4043","トクヤマ","東Ｐ","4,732","+47","+1.00","0","1,815","-312","-14.7%","0","－","1.20","－"
"414","↓72","0","342","1330","上場日経平均","東Ｅ","68,740","+270","+0.39","1","1,807","-1,020","-36.1%","0","－","－","－"
"415","NEW","0","","5857","ＡＲＥＨＤ","東Ｐ","3,160","+95","+3.10","0","1,806","","","0","9.4","1.18","4.27"
"416","↓66","0","350","6941","山一電機","東Ｐ","9,400","+20","+0.21","0","1,799","-931","-34.1%","0","18.9","3.73","1.60"
"417","↓166","0","251","6327","北川精機","東Ｓ","4,015","-20","-0.50","1","1,798","-2,718","-60.2%","0","53.8","5.80","0.50"
"418","↑25","2","443","5301","東海カーボン","東Ｐ","1,643.5","-5.5","-0.33","0","1,786","-94","-5.0%","0","27.7","1.05","2.43"
"419","↓4","0","415","7276","小糸製","東Ｐ","2,501.0","+7.5","+0.30","0","1,777","-314","-15.0%","0","16.6","1.06","2.32"
"420","NEW","0","","6845","アズビル","東Ｐ","1,618.0","-23.0","-1.40","0","1,776","","","0","23.0","3.21","3.09"
"421","↓8","0","413","8524","北洋銀","東Ｐ","1,209","+8","+0.67","0","1,770","-334","-15.9%","0","15.4","1.17","2.65"
"422","↓4","0","418","9468","カドカワ","東Ｐ","3,514.0","-61.0","-1.71","1","1,770","-303","-14.6%","0","89.1","2.11","0.85"
"423","↓123","0","300","3349","コスモス薬品","東Ｐ","6,203","+22","+0.36","2","1,766","-1,751","-49.8%","0","16.0","1.73","1.35"
"424","↓27","0","397","2809","キユーピー","東Ｐ","4,465","-100","-2.19","0","1,763","-476","-21.3%","0","23.8","1.86","1.46"
"425","↑63","1","488","7380","十六ＦＧ","東Ｐ","2,555","+23","+0.91","0","1,761","+64","+3.8%","1","15.1","0.97","2.07"
"426","↑48","1","474","6460","セガサミー","東Ｐ","2,431.0","-29.0","-1.18","1","1,752","+30","+1.7%","2","15.2","1.39","2.26"
"427","↓51","0","376","8698","マネックスＧ","東Ｐ","757","-4","-0.53","0","1,743","-620","-26.2%","0","－","1.51","4.07"
"428","NEW","0","","3091","ブロンコＢ","東Ｐ","2,453","+55","+2.29","0","1,740","","","0","28.1","3.21","0.82"
"429","↓76","0","353","8050","セイコーＧ","東Ｐ","7,560","-200","-2.58","0","1,728","-958","-35.7%","0","26.9","3.52","1.19"
"430","NEW","0","","1629","野村商社卸売","東Ｅ","263.6","+2.1","+0.80","0","1,725","","","0","－","－","－"
"431","↑36","2","467","8341","七十七","東Ｐ","3,602.0","+42.0","+1.18","0","1,716","-47","-2.7%","0","13.1","1.16","2.89"
"432","↓39","0","393","5021","コスモＨＤ","東Ｐ","3,975","+31","+0.79","1","1,710","-565","-24.8%","0","14.3","1.04","4.15"
"433","↑62","1","495","8418","山口ＦＧ","東Ｐ","3,123.0","+38.0","+1.23","1","1,703","+46","+2.8%","2","14.0","0.94","3.07"
"434","↑58","1","492","4676","フジＨＤ","東Ｐ","4,020","-80","-1.95","0","1,702","+28","+1.7%","2","21.9","1.05","4.98"
"435","↓11","0","424","2432","ディーエヌエ","東Ｐ","2,410.0","-19.5","-0.80","0","1,699","-348","-17.0%","0","－","0.96","－"
"436","NEW","0","","3863","日本紙","東Ｐ","1,590","+72","+4.74","0","1,690","","","0","18.3","0.36","0.94"
"437","↓183","0","254","1329","ｉＳ日経","東Ｅ","6,909","+40","+0.58","1","1,673","-2,770","-62.3%","0","－","－","－"
"438","↓115","0","323","6622","ダイヘン","東Ｐ","15,020","+170","+1.14","0","1,664","-1,398","-45.7%","0","21.5","2.30","1.40"
"439","↑58","1","497","7327","第四北越ＦＧ","東Ｐ","2,355","+30","+1.29","0","1,657","+18","+1.1%","2","12.4","1.09","3.23"
"440","↓6","0","434","6232","ＡＣＳＬ","東Ｇ","1,822","-55","-2.93","0","1,638","-329","-16.7%","0","－","12.77","－"
"441","NEW","0","","7337","ひろぎんＨＤ","東Ｐ","2,270.5","+20.0","+0.89","0","1,630","","","0","13.2","1.19","3.08"
"442","↓42","0","400","2222","寿スピリッツ","東Ｐ","2,433.0","-33.0","-1.34","1","1,623","-585","-26.5%","0","27.2","7.84","1.44"
"443","NEW","0","","8954","オリックスＦ","東Ｒ","100,500","-300","-0.30","0","1,619","","","0","－","1.57","4.88"
"444","↓84","0","360","3046","ＪＩＮＳＨＤ","東Ｐ","6,530","-10","-0.15","1","1,613","-989","-38.0%","0","17.7","4.27","1.76"
"445","↓59","0","386","7717","Ｖテク","東Ｐ","6,610","+80","+1.23","0","1,613","-695","-30.1%","0","20.8","1.73","1.21"
"446","↑36","1","482","7180","九州ＦＧ","東Ｐ","1,605.0","+20.0","+1.26","0","1,608","-100","-5.9%","0","15.1","0.89","2.37"
"447","↑19","1","466","8358","スルガ銀","東Ｐ","2,728","+27","+1.00","1","1,602","-172","-9.7%","0","14.5","1.44","2.20"
"448","↓42","0","406","9009","京成","東Ｐ","1,239.0","-7.0","-0.56","1","1,600","-582","-26.7%","0","15.2","1.07","1.78"
"449","↑16","1","465","5032","エニーカラー","東Ｐ","2,453","-37","-1.49","0","1,599","-176","-9.9%","0","11.3","5.45","2.53"
"450","NEW","0","","4118","カネカ","東Ｐ","5,832","+92","+1.60","0","1,596","","","0","11.1","0.70","3.60"
"451","↓43","0","408","1343","野村ＲＥＩＴ","東Ｅ","2,005.0","-12.5","-0.62","0","1,595","-542","-25.4%","0","－","－","－"
"452","↓27","0","425","9142","ＪＲ九州","東Ｐ","3,600.0","-24.0","-0.66","1","1,593","-446","-21.9%","0","10.7","1.12","3.36"
"453","NEW","0","","5726","大阪チタ","東Ｐ","2,764","+131","+4.98","0","1,587","","","0","56.5","2.30","0.47"
"454","NEW","0","","6753","シャープ","東Ｐ","610.3","-11.9","-1.91","0","1,580","","","0","9.4","1.42","－"
"455","↓13","0","442","6966","三井ハイテク","東Ｐ","926","+3","+0.33","0","1,572","-314","-16.6%","0","16.9","1.44","2.05"
"456","NEW","0","","1980","ダイダン","東Ｐ","2,610","-14","-0.53","0","1,562","","","0","12.4","2.59","3.26"
"457","NEW","0","","6266","タツモ","東Ｐ","4,860","+165","+3.51","0","1,561","","","0","28.2","2.68","0.70"
"458","NEW","0","","6055","Ｊマテリアル","東Ｐ","2,326","+13","+0.56","0","1,557","","","0","22.1","3.82","1.50"
"459","NEW","0","","4403","日油","東Ｐ","2,758.0","+15.0","+0.55","0","1,552","","","0","15.9","2.10","2.54"
"460","→","0","460","9041","近鉄ＧＨＤ","東Ｐ","3,413.0","-46.0","-1.33","0","1,549","-267","-14.7%","0","13.8","1.06","2.05"
"461","↓16","0","445","4613","関西ペ","東Ｐ","2,701.0","+28.0","+1.05","1","1,543","-320","-17.2%","0","17.6","1.59","4.07"
"462","↓26","0","436","4202","ダイセル","東Ｐ","1,494.0","+19.5","+1.32","1","1,540","-414","-21.2%","0","11.9","1.07","4.69"
"463","↓58","0","405","4061","デンカ","東Ｐ","3,753","+29","+0.78","0","1,535","-649","-29.7%","0","20.2","1.04","2.66"
"464","↑26","1","490","4902","コニカミノル","東Ｐ","636.5","-2.6","-0.41","0","1,532","-143","-8.5%","0","11.0","0.59","2.83"
"465","↓39","0","426","6136","ＯＳＧ","東Ｐ","3,770","+19","+0.51","1","1,530","-496","-24.5%","0","14.8","1.62","3.05"
"466","NEW","0","","6925","ウシオ電","東Ｐ","4,234","+130","+3.17","0","1,530","","","0","32.0","1.69","1.65"
"467","NEW","0","","3309","積水ハウスＲ","東Ｒ","76,300","-1,500","-1.93","0","1,517","","","0","－","1.13","5.00"
"468","↓29","0","439","9861","吉野家ＨＤ","東Ｐ","3,509.0","-30.0","-0.85","1","1,516","-415","-21.5%","0","46.4","3.27","0.63"
"469","↓132","0","337","1671","ＷＴＩ原油","東Ｅ","5,483","+78","+1.44","0","1,508","-1,377","-47.7%","0","－","－","－"
"470","↓37","0","433","2670","ＡＢＣマート","東Ｐ","2,630.0","+3.0","+0.11","1","1,500","-467","-23.7%","0","14.0","1.62","3.04"
"471","↓64","0","407","5384","フジミインコ","東Ｐ","4,230","+50","+1.20","0","1,494","-674","-31.1%","0","30.2","3.74","1.82"
"472","↓88","0","384","7826","フルヤ金属","東Ｐ","6,970","+50","+0.72","0","1,493","-821","-35.5%","0","11.4","2.32","2.22"
"473","↓71","0","402","2181","パーソルＨＤ","東Ｐ","257.8","-1.7","-0.66","1","1,487","-701","-32.0%","0","12.9","2.62","5.04"
"474","↓22","0","452","5929","三和ＨＤ","東Ｐ","3,791","+27","+0.72","1","1,483","-360","-19.5%","0","13.2","2.27","3.85"
"475","NEW","0","","7189","西日本ＦＨ","東Ｐ","4,447","+71","+1.62","0","1,482","","","0","12.9","1.00","3.15"
"476","↓101","0","375","6200","インソース","東Ｐ","699","+9","+1.30","0","1,478","-892","-37.6%","0","13.3","4.35","5.01"
"477","NEW","0","","9956","バローＨＤ","東Ｐ","3,210","-30","-0.93","0","1,461","","","0","11.2","0.99","2.49"
"478","NEW","0","","6507","シンフォニア","東Ｐ","14,230","+300","+2.15","0","1,454","","","0","26.8","4.06","1.13"
"479","↓133","0","346","6951","日電子","東Ｐ","8,229","-122","-1.46","0","1,450","-1,306","-47.4%","0","18.8","2.77","1.60"
"480","NEW","0","","8361","大垣共立","東Ｐ","7,930","+210","+2.72","0","1,446","","","0","15.8","0.89","1.89"
"481","NEW","0","","9706","日本空港ビル","東Ｐ","5,285","-2","-0.04","0","1,434","","","0","20.3","2.33","1.80"
"482","↓198","0","284","9007","小田急","東Ｐ","1,711.0","-8.5","-0.49","1","1,426","-2,370","-62.4%","0","15.3","1.15","3.51"
"483","↓121","0","362","1969","高砂熱","東Ｐ","4,490","+35","+0.79","1","1,425","-1,126","-44.1%","0","14.7","2.80","2.74"
"484","↓22","0","462","4205","ゼオン","東Ｐ","2,256.0","-0.5","-0.02","0","1,422","-387","-21.4%","0","12.0","1.14","3.50"
"485","↓82","0","403","6703","ＯＫＩ","東Ｐ","3,350","+55","+1.67","1","1,418","-768","-35.1%","0","16.1","1.61","1.94"
"486","↓38","0","448","8439","東京センチュ","東Ｐ","2,685.0","+7.0","+0.26","1","1,404","-451","-24.3%","0","10.7","1.17","3.35"
"487","↓18","0","469","6264","マルマエ","東Ｐ","2,045","+37","+1.84","3","1,402","-351","-20.0%","0","17.6","3.82","2.20"
"488","↓30","0","458","6490","ＰＩＬＬＡＲ","東Ｐ","10,400","+280","+2.77","1","1,396","-428","-23.5%","0","22.2","2.99","1.81"
"489","NEW","0","","7419","ノジマ","東Ｐ","1,401","+38","+2.79","0","1,395","","","0","8.4","1.67","1.43"
"490","NEW","0","","9072","ニッコンＨＤ","東Ｐ","5,275","-76","-1.42","0","1,389","","","0","27.7","2.60","2.12"
"491","↓51","0","440","9509","北海電","東Ｐ","1,012.5","-6.0","-0.59","0","1,385","-517","-27.2%","0","10.1","0.51","3.26"
"492","NEW","0","","7564","ワークマン","東Ｓ","5,660","+80","+1.43","0","1,379","","","0","20.7","3.01","1.57"
"493","↓73","0","420","1489","日経高配５０","東Ｅ","3,405","+11","+0.32","0","1,378","-680","-33.0%","0","－","－","－"
"494","NEW","0","","1860","戸田建","東Ｐ","1,543.0","+19.5","+1.28","0","1,377","","","0","13.1","1.17","3.89"
"495","NEW","0","","8368","百五銀","東Ｐ","2,090","+32","+1.55","0","1,373","","","0","17.5","0.98","2.01"
"496","↓75","0","421","3103","ユニチカ","東Ｓ","890","-16","-1.77","0","1,370","-688","-33.4%","0","10.8","1.53","－"
"497","↓166","0","331","464A","ＱＰＳＨＤ","東Ｇ","1,620","-1","-0.06","1","1,370","-1,604","-53.9%","0","47.7","2.86","－"
"498","↓141","0","357","1407","ウエストＨＤ","東Ｓ","2,695","+54","+2.04","2","1,369","-1,291","-48.5%","0","16.2","3.05","2.60"
"499","NEW","0","","1959","クラフティア","東Ｐ","8,768","+56","+0.64","0","1,366","","","0","15.3","1.78","2.51"
"500","NEW","0","","2331","ＡＬＳＯＫ","東Ｐ","1,136.5","-11.5","-1.00","0","1,363","","","0","14.8","1.44","2.90"